afandub,http://37.187.90.121:3244/1567608307290
aktina,http://s2.onweb.gr:8632/listen.pls
aktinaRadioKorinthos,http://live.e-streaming.eu:8110/listen.pls
arhagelos,http://listen.onestreaming.com/asx/arhagelos.asx
aristeraStaFm,http://icecast.902.gr:8000/902.m3u
astroRadio,http://eco.onestreaming.com:8099/listen.pls
atlantis,http://136.243.61.157:8308/stream.mp3
best,http://best.live24.gr/best1222
diesi,http://diesi.live24.gr/diesi1013
divaFm,http://myradiostream.com/17/6404.pls
dromos,http://dromos898.live24.gr/dromos898
enlefko,https://stream.radiojar.com/srzwv225e3quv
ertopen,http://www.listenlive.eu/eraopen.m3u
fip,https://chai5she.cdn.dvmr.fr/fip-midfi.mp3?ID=radiofrance
galaxy,http://galaxy.live24.gr/galaxy9292;listen.pls
glenti,http://s3.onweb.gr:8532/listen.pls
hydrogeios,http://listen.onestreaming.com/asx/ydrogeios.asx
kastoriafm,http://eco.onestreaming.com:8107/listen.pls
kritiFmAthens,http://s3.onweb.gr:8878/listen.pls
legend,http://s6.onweb.gr:8002/listen.pls
libero,http://eco.onestreaming.com:8081/listen.pls
lifeRadio,http://s1.onweb.gr:8836/listen.pls
live,http://eco.onestreaming.com:8033/listen.pls
melodiaFm,http://netradio.live24.gr/melodia
metadeftero,http://5.189.190.250:8001/%3Bstream.mp3
milkandchocolate,http://ample-04.radiojar.com:80/milkchocolate
nitroRadio,http://nitro.live24.gr/nitro4555
popFm,http://s1.onweb.gr:8422/listen.pls
power,http://s1.onweb.gr:8854/listen.pls
radioEnergy,http://liveradio.energy966.com:8010/listen.pls
radioLehovo,http://s4.onweb.gr:8468/listen.pls
radioMeteora,http://s1.onweb.gr:8834/listen.pls
radioPieria,http://s6.onweb.gr:8018/listen.pls
radiokymata,http://s1.onweb.gr:8812/listen.pls
realFm,http://realfm.live24.gr/realfm
rock,http://radio.onweb.gr:8078/listen.pls
rockfm,http://rockfmlive.mdc.akamaized.net/strmRCFm/userRCFm/playlist.m3u8
rythmos,http://www.listenlive.eu/rythmos1045.m3u
sferikos,http://live3.onestreaming.com/tunein.php/sferikos/playlist.pls,Feres
skyRadioIoannina,http://live.skyradio.gr:9920/listen.pls,Ioannina
star,http://www.onradio.gr/url_wa/190.pls
styl,http://s3.onweb.gr:8530/listen.pls
thrakiFm,http://live3.istoikona.com:8010/listen.pls
xanthiRadioDeejay,http://s4.onweb.gr:8402/listen.pls
youFm,http://eco.onestreaming.com:8150/listen.pls
zooRadio,http://188.138.121.94:8004/listen.pls
